<?xml version = "1.0" encoding = "UTF-8"?>
<configuration>
 <property name="LOGS" value="./logs" />
<appender name = "STDOUT" class = "ch.qos.logback.core.ConsoleAppender">
<encoder>
<pattern>[%d{yyyy-MM-dd HH:mm:ss}]- %msg%n</pattern>
</encoder>
</appender>

<appender name = "FILE" class = "ch.qos.logback.core.FileAppender">
<File>C:\Users\Lenovo\Downloads\app.log</File>
<encoder>
<pattern>[%d{yyyy-MM-dd HH:mm:ss}]- %msg%n</pattern>
</encoder>
</appender>

<root level = "INFO">
      <appender-ref ref = "FILE"/>
      <appender-ref ref = "STDOUT"/> 
   </root>

</configuration>